sample,n,adj_r2_descriptive
All reviews,11149,0.28909032403479396
Tier 1 index-matched only,2657,0.28937641201997444
